[
{
    "pk": 111, 
    "model": "survey.page", 
    "fields": {
        "survey": 5, 
        "blocks": [], 
        "question": null, 
        "order": 1, 
        "questions": [
            157, 
            158, 
            159
        ]
    }
},
{
    "pk": 114, 
    "model": "survey.page", 
    "fields": {
        "survey": 3, 
        "blocks": [], 
        "question": null, 
        "order": 4, 
        "questions": [
            162
        ]
    }
},
{
    "pk": 117, 
    "model": "survey.page", 
    "fields": {
        "survey": 3, 
        "blocks": [], 
        "question": null, 
        "order": 8, 
        "questions": [
            177
        ]
    }
},
{
    "pk": 118, 
    "model": "survey.page", 
    "fields": {
        "survey": 7, 
        "blocks": [], 
        "question": null, 
        "order": 1, 
        "questions": [
            165
        ]
    }
},
{
    "pk": 119, 
    "model": "survey.page", 
    "fields": {
        "survey": 3, 
        "blocks": [], 
        "question": null, 
        "order": 1, 
        "questions": [
            166, 
            167, 
            168, 
            169
        ]
    }
},
{
    "pk": 120, 
    "model": "survey.page", 
    "fields": {
        "survey": 3, 
        "blocks": [], 
        "question": null, 
        "order": 2, 
        "questions": [
            170, 
            171
        ]
    }
},
{
    "pk": 121, 
    "model": "survey.page", 
    "fields": {
        "survey": 3, 
        "blocks": [], 
        "question": null, 
        "order": 3, 
        "questions": [
            172
        ]
    }
},
{
    "pk": 122, 
    "model": "survey.page", 
    "fields": {
        "survey": 3, 
        "blocks": [], 
        "question": null, 
        "order": 5, 
        "questions": [
            173
        ]
    }
},
{
    "pk": 123, 
    "model": "survey.page", 
    "fields": {
        "survey": 3, 
        "blocks": [], 
        "question": null, 
        "order": 6, 
        "questions": [
            174, 
            176
        ]
    }
},
{
    "pk": 124, 
    "model": "survey.page", 
    "fields": {
        "survey": 3, 
        "blocks": [], 
        "question": null, 
        "order": 7, 
        "questions": [
            164
        ]
    }
},
{
    "pk": 125, 
    "model": "survey.page", 
    "fields": {
        "survey": 3, 
        "blocks": [], 
        "question": null, 
        "order": 9, 
        "questions": [
            178
        ]
    }
},
{
    "pk": 126, 
    "model": "survey.page", 
    "fields": {
        "survey": 3, 
        "blocks": [], 
        "question": null, 
        "order": 10, 
        "questions": [
            179
        ]
    }
},
{
    "pk": 127, 
    "model": "survey.page", 
    "fields": {
        "survey": 3, 
        "blocks": [], 
        "question": null, 
        "order": 11, 
        "questions": [
            180
        ]
    }
},
{
    "pk": 128, 
    "model": "survey.page", 
    "fields": {
        "survey": 3, 
        "blocks": [], 
        "question": null, 
        "order": 12, 
        "questions": [
            181
        ]
    }
},
{
    "pk": 3, 
    "model": "survey.survey", 
    "fields": {
        "states": null, 
        "offline": false, 
        "anon": true, 
        "name": "Dive", 
        "slug": "dive"
    }
},
{
    "pk": 5, 
    "model": "survey.survey", 
    "fields": {
        "states": null, 
        "offline": false, 
        "anon": true, 
        "name": "CPFV", 
        "slug": "cpfv"
    }
},
{
    "pk": 7, 
    "model": "survey.survey", 
    "fields": {
        "states": null, 
        "offline": false, 
        "anon": true, 
        "name": "Trap", 
        "slug": "trap"
    }
},
{
    "pk": 1, 
    "model": "survey.option", 
    "fields": {
        "rows": "", 
        "min": null, 
        "text": "Whole Pounds", 
        "required": true, 
        "either_or": "guttedpounds", 
        "label": "wholepounds", 
        "max": null, 
        "type": "number", 
        "order": 0
    }
},
{
    "pk": 17, 
    "model": "survey.option", 
    "fields": {
        "rows": null, 
        "min": null, 
        "text": "", 
        "required": true, 
        "either_or": null, 
        "label": "", 
        "max": null, 
        "type": "integer", 
        "order": null
    }
},
{
    "pk": 18, 
    "model": "survey.option", 
    "fields": {
        "rows": null, 
        "min": null, 
        "text": "", 
        "required": true, 
        "either_or": null, 
        "label": "", 
        "max": null, 
        "type": "integer", 
        "order": null
    }
},
{
    "pk": 19, 
    "model": "survey.option", 
    "fields": {
        "rows": null, 
        "min": null, 
        "text": "Whole Pounds", 
        "required": true, 
        "either_or": null, 
        "label": "wholepounds", 
        "max": null, 
        "type": "integer", 
        "order": null
    }
},
{
    "pk": 20, 
    "model": "survey.option", 
    "fields": {
        "rows": null, 
        "min": null, 
        "text": "Whole Pounds", 
        "required": true, 
        "either_or": null, 
        "label": "wholepounds", 
        "max": null, 
        "type": "integer", 
        "order": null
    }
},
{
    "pk": 21, 
    "model": "survey.option", 
    "fields": {
        "rows": null, 
        "min": null, 
        "text": "Whole Pounds", 
        "required": true, 
        "either_or": null, 
        "label": "wholepounds", 
        "max": null, 
        "type": "integer", 
        "order": null
    }
},
{
    "pk": 22, 
    "model": "survey.option", 
    "fields": {
        "rows": null, 
        "min": null, 
        "text": "Whole Pounds", 
        "required": true, 
        "either_or": null, 
        "label": "wholepounds", 
        "max": null, 
        "type": "integer", 
        "order": null
    }
},
{
    "pk": 23, 
    "model": "survey.option", 
    "fields": {
        "rows": null, 
        "min": null, 
        "text": "", 
        "required": true, 
        "either_or": null, 
        "label": "", 
        "max": null, 
        "type": "integer", 
        "order": null
    }
},
{
    "pk": 24, 
    "model": "survey.option", 
    "fields": {
        "rows": null, 
        "min": null, 
        "text": "Grade", 
        "required": true, 
        "either_or": null, 
        "label": "grade", 
        "max": null, 
        "type": "integer", 
        "order": null
    }
},
{
    "pk": 25, 
    "model": "survey.option", 
    "fields": {
        "rows": null, 
        "min": null, 
        "text": "LBS", 
        "required": true, 
        "either_or": null, 
        "label": "lbs", 
        "max": null, 
        "type": "integer", 
        "order": null
    }
},
{
    "pk": 26, 
    "model": "survey.option", 
    "fields": {
        "rows": null, 
        "min": null, 
        "text": "LBS", 
        "required": true, 
        "either_or": null, 
        "label": "lbs", 
        "max": null, 
        "type": "integer", 
        "order": null
    }
},
{
    "pk": 13, 
    "model": "survey.block", 
    "fields": {
        "skip_question": null, 
        "name": "Placeholder", 
        "skip_condition": "True"
    }
},
{
    "pk": 157, 
    "model": "survey.question", 
    "fields": {
        "cols": "", 
        "term_condition": null, 
        "zoom": null, 
        "filterBy": false, 
        "min_zoom": 10, 
        "report_type": null, 
        "lng": null, 
        "skip_question": null, 
        "rows": "", 
        "options_from_previous_answer": null, 
        "title": "Port", 
        "allow_other": false, 
        "geojson": "", 
        "label": "Port", 
        "grid_cols": [], 
        "type": "text", 
        "randomize_groups": false, 
        "blocks": [], 
        "modalQuestion": null, 
        "integer_min": null, 
        "pre_calculated": "", 
        "visualize": false, 
        "foreach_question": null, 
        "options_json": "", 
        "lat": null, 
        "slug": "port", 
        "info": null, 
        "integer_max": null, 
        "attach_to_profile": false, 
        "required": true, 
        "persistent": false, 
        "options": [], 
        "filter_questions": [], 
        "skip_condition": null, 
        "hoist_answers": null, 
        "order": 1
    }
},
{
    "pk": 158, 
    "model": "survey.question", 
    "fields": {
        "cols": "", 
        "term_condition": null, 
        "zoom": null, 
        "filterBy": false, 
        "min_zoom": 10, 
        "report_type": null, 
        "lng": null, 
        "skip_question": null, 
        "rows": "", 
        "options_from_previous_answer": null, 
        "title": "Date", 
        "allow_other": false, 
        "geojson": "", 
        "label": "Date", 
        "grid_cols": [], 
        "type": "datepicker", 
        "randomize_groups": false, 
        "blocks": [], 
        "modalQuestion": null, 
        "integer_min": null, 
        "pre_calculated": "", 
        "visualize": false, 
        "foreach_question": null, 
        "options_json": "", 
        "lat": null, 
        "slug": "date", 
        "info": null, 
        "integer_max": null, 
        "attach_to_profile": false, 
        "required": true, 
        "persistent": false, 
        "options": [], 
        "filter_questions": [], 
        "skip_condition": null, 
        "hoist_answers": null, 
        "order": 2
    }
},
{
    "pk": 159, 
    "model": "survey.question", 
    "fields": {
        "cols": "", 
        "term_condition": null, 
        "zoom": null, 
        "filterBy": false, 
        "min_zoom": 10, 
        "report_type": null, 
        "lng": null, 
        "skip_question": null, 
        "rows": "", 
        "options_from_previous_answer": null, 
        "title": "Crew Members", 
        "allow_other": false, 
        "geojson": "", 
        "label": "Crew Members", 
        "grid_cols": [], 
        "type": "integer", 
        "randomize_groups": false, 
        "blocks": [], 
        "modalQuestion": null, 
        "integer_min": 0, 
        "pre_calculated": "", 
        "visualize": false, 
        "foreach_question": null, 
        "options_json": "", 
        "lat": null, 
        "slug": "crew-members", 
        "info": null, 
        "integer_max": 99, 
        "attach_to_profile": false, 
        "required": true, 
        "persistent": false, 
        "options": [], 
        "filter_questions": [], 
        "skip_condition": null, 
        "hoist_answers": null, 
        "order": 3
    }
},
{
    "pk": 162, 
    "model": "survey.question", 
    "fields": {
        "cols": "", 
        "term_condition": null, 
        "zoom": 7, 
        "filterBy": false, 
        "min_zoom": 10, 
        "report_type": null, 
        "lng": "-119.0000000", 
        "skip_question": null, 
        "rows": "", 
        "options_from_previous_answer": null, 
        "title": "Map Set Location", 
        "allow_other": false, 
        "geojson": "", 
        "label": "set location", 
        "grid_cols": [], 
        "type": "map-set-location", 
        "randomize_groups": false, 
        "blocks": [], 
        "modalQuestion": null, 
        "integer_min": null, 
        "pre_calculated": "", 
        "visualize": false, 
        "foreach_question": null, 
        "options_json": "", 
        "lat": "34.0000000", 
        "slug": "map-set-location", 
        "info": null, 
        "integer_max": null, 
        "attach_to_profile": false, 
        "required": false, 
        "persistent": false, 
        "options": [], 
        "filter_questions": [], 
        "skip_condition": null, 
        "hoist_answers": null, 
        "order": 1
    }
},
{
    "pk": 164, 
    "model": "survey.question", 
    "fields": {
        "cols": "", 
        "term_condition": null, 
        "zoom": null, 
        "filterBy": false, 
        "min_zoom": 10, 
        "report_type": null, 
        "lng": null, 
        "skip_question": null, 
        "rows": "*Buoys\n46025\n46221\n46222", 
        "options_from_previous_answer": null, 
        "title": "Weather", 
        "allow_other": false, 
        "geojson": "", 
        "label": "weather", 
        "grid_cols": [], 
        "type": "buoy-weather", 
        "randomize_groups": false, 
        "blocks": [], 
        "modalQuestion": null, 
        "integer_min": null, 
        "pre_calculated": "", 
        "visualize": false, 
        "foreach_question": null, 
        "options_json": "", 
        "lat": null, 
        "slug": "weather", 
        "info": null, 
        "integer_max": null, 
        "attach_to_profile": false, 
        "required": false, 
        "persistent": false, 
        "options": [], 
        "filter_questions": [], 
        "skip_condition": null, 
        "hoist_answers": null, 
        "order": 1
    }
},
{
    "pk": 165, 
    "model": "survey.question", 
    "fields": {
        "cols": "", 
        "term_condition": null, 
        "zoom": null, 
        "filterBy": false, 
        "min_zoom": 10, 
        "report_type": null, 
        "lng": null, 
        "skip_question": null, 
        "rows": "", 
        "options_from_previous_answer": null, 
        "title": "Trap / Gear Sets", 
        "allow_other": false, 
        "geojson": "", 
        "label": "Trap / Gear Sets", 
        "grid_cols": [], 
        "type": "text", 
        "randomize_groups": false, 
        "blocks": [], 
        "modalQuestion": null, 
        "integer_min": null, 
        "pre_calculated": "", 
        "visualize": false, 
        "foreach_question": null, 
        "options_json": "", 
        "lat": null, 
        "slug": "trap-gear-sets", 
        "info": null, 
        "integer_max": null, 
        "attach_to_profile": false, 
        "required": true, 
        "persistent": false, 
        "options": [], 
        "filter_questions": [], 
        "skip_condition": null, 
        "hoist_answers": null, 
        "order": 1
    }
},
{
    "pk": 166, 
    "model": "survey.question", 
    "fields": {
        "cols": "", 
        "term_condition": null, 
        "zoom": null, 
        "filterBy": false, 
        "min_zoom": 10, 
        "report_type": null, 
        "lng": null, 
        "skip_question": null, 
        "rows": "", 
        "options_from_previous_answer": null, 
        "title": "Vessel Name", 
        "allow_other": false, 
        "geojson": "", 
        "label": "Vessel Name", 
        "grid_cols": [], 
        "type": "text", 
        "randomize_groups": false, 
        "blocks": [], 
        "modalQuestion": null, 
        "integer_min": null, 
        "pre_calculated": "", 
        "visualize": false, 
        "foreach_question": null, 
        "options_json": "", 
        "lat": null, 
        "slug": "vessel-name", 
        "info": null, 
        "integer_max": null, 
        "attach_to_profile": true, 
        "required": false, 
        "persistent": false, 
        "options": [], 
        "filter_questions": [], 
        "skip_condition": null, 
        "hoist_answers": null, 
        "order": 1
    }
},
{
    "pk": 167, 
    "model": "survey.question", 
    "fields": {
        "cols": "", 
        "term_condition": null, 
        "zoom": null, 
        "filterBy": false, 
        "min_zoom": 10, 
        "report_type": null, 
        "lng": null, 
        "skip_question": null, 
        "rows": "", 
        "options_from_previous_answer": null, 
        "title": "Vessel Number", 
        "allow_other": false, 
        "geojson": "", 
        "label": "Vessel Number", 
        "grid_cols": [], 
        "type": "text", 
        "randomize_groups": false, 
        "blocks": [], 
        "modalQuestion": null, 
        "integer_min": null, 
        "pre_calculated": "", 
        "visualize": false, 
        "foreach_question": null, 
        "options_json": "", 
        "lat": null, 
        "slug": "vessel-number", 
        "info": null, 
        "integer_max": null, 
        "attach_to_profile": true, 
        "required": false, 
        "persistent": false, 
        "options": [], 
        "filter_questions": [], 
        "skip_condition": null, 
        "hoist_answers": null, 
        "order": 2
    }
},
{
    "pk": 168, 
    "model": "survey.question", 
    "fields": {
        "cols": "", 
        "term_condition": null, 
        "zoom": null, 
        "filterBy": false, 
        "min_zoom": 10, 
        "report_type": null, 
        "lng": null, 
        "skip_question": null, 
        "rows": "", 
        "options_from_previous_answer": null, 
        "title": "License Number", 
        "allow_other": false, 
        "geojson": "", 
        "label": "License Number", 
        "grid_cols": [], 
        "type": "text", 
        "randomize_groups": false, 
        "blocks": [], 
        "modalQuestion": null, 
        "integer_min": null, 
        "pre_calculated": "", 
        "visualize": false, 
        "foreach_question": null, 
        "options_json": "", 
        "lat": null, 
        "slug": "license-number", 
        "info": null, 
        "integer_max": null, 
        "attach_to_profile": true, 
        "required": false, 
        "persistent": false, 
        "options": [], 
        "filter_questions": [], 
        "skip_condition": null, 
        "hoist_answers": null, 
        "order": 3
    }
},
{
    "pk": 169, 
    "model": "survey.question", 
    "fields": {
        "cols": "", 
        "term_condition": null, 
        "zoom": null, 
        "filterBy": false, 
        "min_zoom": 10, 
        "report_type": null, 
        "lng": null, 
        "skip_question": null, 
        "rows": "", 
        "options_from_previous_answer": null, 
        "title": "Permit Number", 
        "allow_other": false, 
        "geojson": "", 
        "label": "Permit Number", 
        "grid_cols": [], 
        "type": "text", 
        "randomize_groups": false, 
        "blocks": [], 
        "modalQuestion": null, 
        "integer_min": null, 
        "pre_calculated": "", 
        "visualize": false, 
        "foreach_question": null, 
        "options_json": "", 
        "lat": null, 
        "slug": "permit-number", 
        "info": null, 
        "integer_max": null, 
        "attach_to_profile": true, 
        "required": false, 
        "persistent": false, 
        "options": [], 
        "filter_questions": [], 
        "skip_condition": null, 
        "hoist_answers": null, 
        "order": 4
    }
},
{
    "pk": 170, 
    "model": "survey.question", 
    "fields": {
        "cols": "", 
        "term_condition": null, 
        "zoom": null, 
        "filterBy": false, 
        "min_zoom": 10, 
        "report_type": null, 
        "lng": null, 
        "skip_question": null, 
        "rows": "Port #1\nPort #2\nPort #3", 
        "options_from_previous_answer": null, 
        "title": "Landing Port", 
        "allow_other": false, 
        "geojson": "", 
        "label": "Landing Port", 
        "grid_cols": [], 
        "type": "single-select", 
        "randomize_groups": false, 
        "blocks": [], 
        "modalQuestion": null, 
        "integer_min": null, 
        "pre_calculated": "", 
        "visualize": false, 
        "foreach_question": null, 
        "options_json": "", 
        "lat": null, 
        "slug": "landing-port", 
        "info": null, 
        "integer_max": null, 
        "attach_to_profile": false, 
        "required": false, 
        "persistent": true, 
        "options": [], 
        "filter_questions": [], 
        "skip_condition": null, 
        "hoist_answers": null, 
        "order": 1
    }
},
{
    "pk": 171, 
    "model": "survey.question", 
    "fields": {
        "cols": "", 
        "term_condition": null, 
        "zoom": null, 
        "filterBy": false, 
        "min_zoom": 10, 
        "report_type": null, 
        "lng": null, 
        "skip_question": null, 
        "rows": "", 
        "options_from_previous_answer": null, 
        "title": "Dealer", 
        "allow_other": false, 
        "geojson": "", 
        "label": "Dealer", 
        "grid_cols": [], 
        "type": "text", 
        "randomize_groups": false, 
        "blocks": [], 
        "modalQuestion": null, 
        "integer_min": null, 
        "pre_calculated": "", 
        "visualize": false, 
        "foreach_question": null, 
        "options_json": "", 
        "lat": null, 
        "slug": "dealer", 
        "info": null, 
        "integer_max": null, 
        "attach_to_profile": false, 
        "required": false, 
        "persistent": true, 
        "options": [], 
        "filter_questions": [], 
        "skip_condition": null, 
        "hoist_answers": null, 
        "order": 2
    }
},
{
    "pk": 172, 
    "model": "survey.question", 
    "fields": {
        "cols": "", 
        "term_condition": null, 
        "zoom": null, 
        "filterBy": false, 
        "min_zoom": 10, 
        "report_type": null, 
        "lng": null, 
        "skip_question": null, 
        "rows": "", 
        "options_from_previous_answer": null, 
        "title": "Date", 
        "allow_other": false, 
        "geojson": "", 
        "label": "Date", 
        "grid_cols": [], 
        "type": "datepicker", 
        "randomize_groups": false, 
        "blocks": [], 
        "modalQuestion": null, 
        "integer_min": null, 
        "pre_calculated": "", 
        "visualize": false, 
        "foreach_question": null, 
        "options_json": "", 
        "lat": null, 
        "slug": "date", 
        "info": null, 
        "integer_max": null, 
        "attach_to_profile": false, 
        "required": false, 
        "persistent": false, 
        "options": [], 
        "filter_questions": [], 
        "skip_condition": null, 
        "hoist_answers": null, 
        "order": 1
    }
},
{
    "pk": 173, 
    "model": "survey.question", 
    "fields": {
        "cols": "", 
        "term_condition": null, 
        "zoom": null, 
        "filterBy": false, 
        "min_zoom": 10, 
        "report_type": null, 
        "lng": null, 
        "skip_question": null, 
        "rows": "", 
        "options_from_previous_answer": null, 
        "title": "Site Name", 
        "allow_other": false, 
        "geojson": "", 
        "label": "Site Name", 
        "grid_cols": [], 
        "type": "text", 
        "randomize_groups": false, 
        "blocks": [], 
        "modalQuestion": null, 
        "integer_min": null, 
        "pre_calculated": "", 
        "visualize": false, 
        "foreach_question": null, 
        "options_json": "", 
        "lat": null, 
        "slug": "site-name", 
        "info": null, 
        "integer_max": null, 
        "attach_to_profile": false, 
        "required": false, 
        "persistent": true, 
        "options": [], 
        "filter_questions": [], 
        "skip_condition": null, 
        "hoist_answers": null, 
        "order": 1
    }
},
{
    "pk": 174, 
    "model": "survey.question", 
    "fields": {
        "cols": "", 
        "term_condition": null, 
        "zoom": null, 
        "filterBy": false, 
        "min_zoom": 10, 
        "report_type": null, 
        "lng": null, 
        "skip_question": null, 
        "rows": "Feet\nFathoms", 
        "options_from_previous_answer": null, 
        "title": "Min Depth", 
        "allow_other": false, 
        "geojson": "", 
        "label": "Min Depth", 
        "grid_cols": [], 
        "type": "number-with-unit", 
        "randomize_groups": false, 
        "blocks": [], 
        "modalQuestion": null, 
        "integer_min": null, 
        "pre_calculated": "", 
        "visualize": false, 
        "foreach_question": null, 
        "options_json": "", 
        "lat": null, 
        "slug": "min-depth", 
        "info": null, 
        "integer_max": null, 
        "attach_to_profile": false, 
        "required": false, 
        "persistent": false, 
        "options": [], 
        "filter_questions": [], 
        "skip_condition": null, 
        "hoist_answers": null, 
        "order": 1
    }
},
{
    "pk": 176, 
    "model": "survey.question", 
    "fields": {
        "cols": "", 
        "term_condition": null, 
        "zoom": null, 
        "filterBy": false, 
        "min_zoom": 10, 
        "report_type": null, 
        "lng": null, 
        "skip_question": null, 
        "rows": "", 
        "options_from_previous_answer": null, 
        "title": "Hours Bottom Time", 
        "allow_other": false, 
        "geojson": "", 
        "label": "Hours Bottom Time", 
        "grid_cols": [], 
        "type": "number", 
        "randomize_groups": false, 
        "blocks": [], 
        "modalQuestion": null, 
        "integer_min": null, 
        "pre_calculated": "", 
        "visualize": false, 
        "foreach_question": null, 
        "options_json": "", 
        "lat": null, 
        "slug": "hours-bottom-time", 
        "info": null, 
        "integer_max": null, 
        "attach_to_profile": false, 
        "required": false, 
        "persistent": false, 
        "options": [], 
        "filter_questions": [], 
        "skip_condition": null, 
        "hoist_answers": null, 
        "order": 2
    }
},
{
    "pk": 177, 
    "model": "survey.question", 
    "fields": {
        "cols": "", 
        "term_condition": null, 
        "zoom": null, 
        "filterBy": false, 
        "min_zoom": 10, 
        "report_type": null, 
        "lng": null, 
        "skip_question": null, 
        "rows": "Red Sea Urchin\nPurple Sea Urchin\nWorty Sea Cucumber\nGiant Red Sea Cucumber", 
        "options_from_previous_answer": null, 
        "title": "Harvest Species", 
        "allow_other": false, 
        "geojson": "", 
        "label": "Harvest Species", 
        "grid_cols": [], 
        "type": "multi-select", 
        "randomize_groups": false, 
        "blocks": [], 
        "modalQuestion": null, 
        "integer_min": null, 
        "pre_calculated": "", 
        "visualize": false, 
        "foreach_question": null, 
        "options_json": "", 
        "lat": null, 
        "slug": "harvest-species", 
        "info": null, 
        "integer_max": null, 
        "attach_to_profile": false, 
        "required": false, 
        "persistent": false, 
        "options": [], 
        "filter_questions": [], 
        "skip_condition": null, 
        "hoist_answers": null, 
        "order": 1
    }
},
{
    "pk": 178, 
    "model": "survey.question", 
    "fields": {
        "cols": "", 
        "term_condition": null, 
        "zoom": null, 
        "filterBy": false, 
        "min_zoom": 10, 
        "report_type": null, 
        "lng": null, 
        "skip_question": null, 
        "rows": "Wavy Turbon Snails\nKeyhole Impact\nKeller's Whelk\nNeonshore Fishes", 
        "options_from_previous_answer": null, 
        "title": "Incidental Species", 
        "allow_other": false, 
        "geojson": "", 
        "label": "Incidental Species", 
        "grid_cols": [], 
        "type": "multi-select", 
        "randomize_groups": false, 
        "blocks": [], 
        "modalQuestion": null, 
        "integer_min": null, 
        "pre_calculated": "", 
        "visualize": false, 
        "foreach_question": null, 
        "options_json": "", 
        "lat": null, 
        "slug": "incidental-species", 
        "info": null, 
        "integer_max": null, 
        "attach_to_profile": false, 
        "required": false, 
        "persistent": false, 
        "options": [], 
        "filter_questions": [], 
        "skip_condition": null, 
        "hoist_answers": null, 
        "order": 1
    }
},
{
    "pk": 179, 
    "model": "survey.question", 
    "fields": {
        "cols": "", 
        "term_condition": null, 
        "zoom": null, 
        "filterBy": false, 
        "min_zoom": 10, 
        "report_type": null, 
        "lng": null, 
        "skip_question": null, 
        "rows": "", 
        "options_from_previous_answer": "harvest-species", 
        "title": "Catch Weight", 
        "allow_other": false, 
        "geojson": "", 
        "label": "Catch Weight", 
        "grid_cols": [
            24, 
            25
        ], 
        "type": "grid", 
        "randomize_groups": false, 
        "blocks": [], 
        "modalQuestion": null, 
        "integer_min": null, 
        "pre_calculated": "", 
        "visualize": false, 
        "foreach_question": null, 
        "options_json": "", 
        "lat": null, 
        "slug": "catch-weight", 
        "info": null, 
        "integer_max": null, 
        "attach_to_profile": false, 
        "required": false, 
        "persistent": false, 
        "options": [], 
        "filter_questions": [], 
        "skip_condition": null, 
        "hoist_answers": null, 
        "order": 1
    }
},
{
    "pk": 180, 
    "model": "survey.question", 
    "fields": {
        "cols": "", 
        "term_condition": null, 
        "zoom": null, 
        "filterBy": false, 
        "min_zoom": 10, 
        "report_type": null, 
        "lng": null, 
        "skip_question": null, 
        "rows": "", 
        "options_from_previous_answer": "incidental-species", 
        "title": "Incidental Weight", 
        "allow_other": false, 
        "geojson": "", 
        "label": "Incidental Weight", 
        "grid_cols": [
            26
        ], 
        "type": "grid", 
        "randomize_groups": false, 
        "blocks": [], 
        "modalQuestion": null, 
        "integer_min": null, 
        "pre_calculated": "", 
        "visualize": false, 
        "foreach_question": null, 
        "options_json": "", 
        "lat": null, 
        "slug": "incidental-weight", 
        "info": null, 
        "integer_max": null, 
        "attach_to_profile": false, 
        "required": false, 
        "persistent": false, 
        "options": [], 
        "filter_questions": [], 
        "skip_condition": null, 
        "hoist_answers": null, 
        "order": 1
    }
},
{
    "pk": 181, 
    "model": "survey.question", 
    "fields": {
        "cols": "", 
        "term_condition": null, 
        "zoom": null, 
        "filterBy": false, 
        "min_zoom": 10, 
        "report_type": null, 
        "lng": null, 
        "skip_question": null, 
        "rows": "", 
        "options_from_previous_answer": null, 
        "title": "Notes", 
        "allow_other": false, 
        "geojson": "", 
        "label": "Notes", 
        "grid_cols": [], 
        "type": "textarea", 
        "randomize_groups": false, 
        "blocks": [], 
        "modalQuestion": null, 
        "integer_min": null, 
        "pre_calculated": "", 
        "visualize": false, 
        "foreach_question": null, 
        "options_json": "", 
        "lat": null, 
        "slug": "notes", 
        "info": null, 
        "integer_max": null, 
        "attach_to_profile": false, 
        "required": false, 
        "persistent": false, 
        "options": [], 
        "filter_questions": [], 
        "skip_condition": null, 
        "hoist_answers": null, 
        "order": 1
    }
}
]
